sep=,
HRV ANALYSIS RESULTS - 04-Mar-2025 18:51:48
Kubios HRV Scientific Lite
4.1.1
released in April 2024

Analyzed by:  -  - 

File name: C:\Users\ADMIN\Documents\Dev\Maestria\CDSI2025\Practica_04\FISIOLOGICOS\juan.txt
Measurement date: xx/xx/xx xx:xx:xx
File type: asciiRR
Channel label: RR data
Data length: 00:07:57 (h:min:s)
Measurement rate: - 

Parameters
 Number of samples: 1
 Detrending method: Smoothn priors (lambda: 500)
 Min/Max HR as average of: 5 beats
 Threshold for NNxx/pNNxx: 50 ms
 Frequency bands
  VLF: 0 - 0.04 Hz
  LF: 0.04 - 0.15 Hz
  HF: 0.15 - 0.4 Hz
 Interpolation rate: 4 Hz
 Points in frequency-domain: 300 points/Hz
 FFT spectrum options
  Window width: 300 s
  Window overlap: 50 %
 AR spectrum options
  AR model order: 16
  Use factorization: No
 Apply detrending for nonlinear analysis: 1
 Entropy, embedding dimension: 2
 Entropy, tolerance: 0.2 x SD
 DFA, short-term fluctuations: 4-12 beats
 DFA, long-term fluctuations: 13-64 beats

RR Interval Samples Selected for Analysis
                              ,    Sample 1,
  Sample limits (hh:mm:ss):   ,00:00:00-00:04:35,
  Sample Analysis Type: Single sample
  Beat correction: none
  Beats total:                ,         331,
  Beats corrected:            ,           -,
  Beats corrected (%):        ,           -,
  Effective data length (s):  ,         275,
  Effective data length (%):  ,      100.00,


RESULTS FOR A SINGLE SAMPLE

Results Overview              ,
  PNS index:                  ,      0.1068,            ,
  SNS index:                  ,      0.0766,            ,
  Stress index:               ,      7.1054,            ,

Time-Domain Results           ,
 Statistical parameters       ,
  Mean RR  (ms):              ,    829.0574,            ,
  SDNN (ms):                  ,     71.5081,            ,
  Mean HR (beats/min):        ,     72.3713,            ,
  SD HR (beats/min):          ,      6.6381,            ,
  Min HR (beats/min):         ,     59.2768,            ,
  Max HR (beats/min):         ,    101.0441,            ,
  RMSSD (ms):                 ,     61.9301,            ,
  NNxx (beats):               ,         100,            ,
  pNNxx (%):                  ,     30.3030,            ,
  SDANN (ms):                 ,         NaN,            ,
  SDNN index (ms):            ,         NaN,            ,
 Geometric parameters         ,
  RR tri index:               ,   15.761905,            ,
  TINN (ms):                  ,    313.0000,            ,

Frequency-Domain Results      ,FFT spectrum, AR spectrum,
 Peak frequencies             ,
  VLF (Hz):                   ,    0.033333,    0.040000,
  LF (Hz):                    ,    0.063333,    0.100000,
  HF (Hz):                    ,    0.153333,    0.150000,
 Absolute powers              ,
  VLF (ms^2):                 ,    138.9704,    451.7381,
  LF (ms^2):                  ,   1733.2800,   2887.4450,
  HF (ms^2):                  ,   1311.9076,   1418.7245,
  VLF (log):                  ,      4.9343,      6.1131,
  LF (log):                   ,      7.4578,      7.9681,
  HF (log):                   ,      7.1792,      7.2575,
 Relative powers              ,
  VLF (%):                    ,      4.3625,      9.4915,
  LF (%):                     ,     54.4103,     60.6681,
  HF (%):                     ,     41.1828,     29.8088,
 Normalized powers            ,
  LF (n.u.):                  ,     56.8923,     67.0302,
  HF (n.u.):                  ,     43.0614,     32.9348,
 Total power (ms^2):          ,   3185.5705,   4759.4136,
 LF/HF ratio:                 ,      1.3212,      2.0352,


Nonlinear Results             ,
 Poincare plot                ,
  SD1 (ms):                   ,   43.857955,            ,
  SD2 (ms):                   ,   91.219198,            ,
  SD2/SD1 ratio:              ,    2.079878,            ,
 Approximate entropy (ApEn):  ,      1.0591,            ,
 Sample entropy (SampEn):     ,      1.4656,            ,
 Detrended fluctuation analysis (DFA),
  alpha 1:                    ,      1.2194,            ,
  alpha 2:                    ,      0.2621,            ,


RR INTERVAL DATA and SPECTRUM ESTIMATES,
                              ,    SAMPLE 1,            ,            ,            ,            ,            ,            ,            ,            ,
                              ,     RR Data,            ,FFT spectrum,            , AR Spectrum,            ,            ,            ,            ,
                              ,        Time, RR interval,   Frequency,         PSD,   Frequency,         PSD,   VLF comp.,    LF comp.,    HF comp.,
                              ,         (s),         (s),        (Hz),   (ms^2/Hz),        (Hz),   (ms^2/Hz),   (ms^2/Hz),   (ms^2/Hz),   (ms^2/Hz),
                              ,       0.763,       0.763,       0.000,     44.5479,       0.000,   5222.0678,            ,            ,            ,
                              ,       1.542,       0.779,       0.003,     33.6471,       0.003,  10464.4271,            ,            ,            ,
                              ,       2.411,       0.869,       0.007,     21.7256,       0.007,  10525.5576,            ,            ,            ,
                              ,       3.304,       0.893,       0.010,    149.1534,       0.010,  10628.2991,            ,            ,            ,
                              ,       4.190,       0.886,       0.013,     10.8726,       0.013,  10773.9533,            ,            ,            ,
                              ,       4.955,       0.765,       0.017,   1247.0194,       0.017,  10964.3743,            ,            ,            ,
                              ,       5.837,       0.882,       0.020,   1610.8375,       0.020,  11201.9996,            ,            ,            ,
                              ,       6.774,       0.937,       0.023,   1983.2364,       0.023,  11489.8895,            ,            ,            ,
                              ,       7.726,       0.952,       0.027,    473.8682,       0.027,  11831.7732,            ,            ,            ,
                              ,       8.556,       0.830,       0.030,   8579.3647,       0.030,  12232.0996,            ,            ,            ,
                              ,       9.274,       0.718,       0.033,  22053.2073,       0.033,  12696.0899,            ,            ,            ,
                              ,       9.960,       0.686,       0.037,   3337.2396,       0.037,  13229.7845,            ,            ,            ,
                              ,      10.728,       0.768,       0.040,   4417.7303,       0.040,  13840.0757,            ,            ,            ,
                              ,      11.575,       0.847,       0.043,    616.1020,       0.043,  14534.7110,            ,            ,            ,
                              ,      12.577,       1.002,       0.047,  22894.4489,       0.047,  15322.2424,            ,            ,            ,
                              ,      13.510,       0.933,       0.050,  15199.7865,       0.050,  16211.8893,            ,            ,            ,
                              ,      14.345,       0.835,       0.053,   8680.5417,       0.053,  17213.2621,            ,            ,            ,
                              ,      15.098,       0.753,       0.057,   2302.3337,       0.057,  18335.8785,            ,            ,            ,
                              ,      15.802,       0.704,       0.060,  17617.4627,       0.060,  19588.3769,            ,            ,            ,
                              ,      16.510,       0.708,       0.063,  50110.8392,       0.063,  20977.3070,            ,            ,            ,
                              ,      17.245,       0.735,       0.067,   7864.4527,       0.067,  22505.3643,            ,            ,            ,
                              ,      18.119,       0.874,       0.070,  25585.6996,       0.070,  24168.9455,            ,            ,            ,
                              ,      19.132,       1.013,       0.073,  27037.2812,       0.073,  25954.9696,            ,            ,            ,
                              ,      20.106,       0.974,       0.077,  45274.6028,       0.077,  27837.0910,            ,            ,            ,
                              ,      21.077,       0.971,       0.080,  23196.0455,       0.080,  29771.7536,            ,            ,            ,
                              ,      22.015,       0.938,       0.083,  25487.3820,       0.083,  31695.0364,            ,            ,            ,
                              ,      22.918,       0.903,       0.087,  41110.9903,       0.087,  33521.8117,            ,            ,            ,
                              ,      23.794,       0.876,       0.090,   8257.6156,       0.090,  35149.0983,            ,            ,            ,
                              ,      24.628,       0.834,       0.093,   7649.0323,       0.093,  36465.1600,            ,            ,            ,
                              ,      25.427,       0.799,       0.097,  16835.1908,       0.097,  37364.4129,            ,            ,            ,
                              ,      26.223,       0.796,       0.100,  28581.7311,       0.100,  37765.6435,            ,            ,            ,
                              ,      27.056,       0.833,       0.103,   5374.7592,       0.103,  37628.5026,            ,            ,            ,
                              ,      27.871,       0.815,       0.107,  11229.7215,       0.107,  36962.5115,            ,            ,            ,
                              ,      28.615,       0.744,       0.110,  13426.8841,       0.110,  35825.0483,            ,            ,            ,
                              ,      29.330,       0.715,       0.113,    564.5983,       0.113,  34309.0882,            ,            ,            ,
                              ,      30.052,       0.722,       0.117,  12024.4866,       0.117,  32525.3281,            ,            ,            ,
                              ,      30.809,       0.757,       0.120,   3288.4299,       0.120,  30584.5440,            ,            ,            ,
                              ,      31.828,       1.019,       0.123,   2968.1382,       0.123,  28584.4948,            ,            ,            ,
                              ,      32.809,       0.981,       0.127,   7192.9517,       0.127,  26602.9270,            ,            ,            ,
                              ,      33.806,       0.997,       0.130,    178.1003,       0.130,  24695.9504,            ,            ,            ,
                              ,      34.783,       0.977,       0.133,   1928.8923,       0.133,  22899.9801,            ,            ,            ,
                              ,      35.760,       0.977,       0.137,    655.0325,       0.137,  21235.4071,            ,            ,            ,
                              ,      36.691,       0.931,       0.140,  11204.6610,       0.140,  19710.6508,            ,            ,            ,
                              ,      37.586,       0.895,       0.143,  32084.5855,       0.143,  18325.8250,            ,            ,            ,
                              ,      38.450,       0.864,       0.147,  31777.9070,       0.147,  17075.7000,            ,            ,            ,
                              ,      39.304,       0.854,       0.150,  20031.7465,       0.150,  15951.9167,            ,            ,            ,
                              ,      40.089,       0.785,       0.153,  42706.8832,       0.153,  14944.5456,            ,            ,            ,
                              ,      40.805,       0.716,       0.157,  41230.0121,       0.157,  14043.1276,            ,            ,            ,
                              ,      41.497,       0.692,       0.160,  19512.4464,       0.160,  13237.3306,            ,            ,            ,
                              ,      42.195,       0.698,       0.163,   7335.9883,       0.163,  12517.3363,            ,            ,            ,
                              ,      43.015,       0.820,       0.167,   6838.2167,       0.167,  11874.0438,            ,            ,            ,
                              ,      44.060,       1.045,       0.170,   7939.1270,       0.170,  11299.1544,            ,            ,            ,
                              ,      45.004,       0.944,       0.173,   3515.6346,       0.173,  10785.1820,            ,            ,            ,
                              ,      45.906,       0.902,       0.177,  12415.3957,       0.177,  10325.4191,            ,            ,            ,
                              ,      46.827,       0.921,       0.180,   8046.4456,       0.180,   9913.8790,            ,            ,            ,
                              ,      47.729,       0.902,       0.183,   4241.2666,       0.183,   9545.2264,            ,            ,            ,
                              ,      48.580,       0.851,       0.187,    334.5987,       0.187,   9214.7046,            ,            ,            ,
                              ,      49.362,       0.782,       0.190,   4649.6949,       0.190,   8918.0642,            ,            ,            ,
                              ,      50.092,       0.730,       0.193,  25966.0956,       0.193,   8651.4961,            ,            ,            ,
                              ,      50.780,       0.688,       0.197,  23581.8951,       0.197,   8411.5693,            ,            ,            ,
                              ,      51.458,       0.678,       0.200,  12750.5825,       0.200,   8195.1760,            ,            ,            ,
                              ,      52.141,       0.683,       0.203,  11687.8028,       0.203,   7999.4822,            ,            ,            ,
                              ,      52.891,       0.750,       0.207,   4757.1268,       0.207,   7821.8844,            ,            ,            ,
                              ,      53.734,       0.843,       0.210,   2154.3190,       0.210,   7659.9737,            ,            ,            ,
                              ,      54.688,       0.954,       0.213,    941.6875,       0.213,   7511.5047,            ,            ,            ,
                              ,      55.685,       0.997,       0.217,   1055.5185,       0.217,   7374.3713,            ,            ,            ,
                              ,      56.690,       1.005,       0.220,   3681.1977,       0.220,   7246.5875,            ,            ,            ,
                              ,      57.707,       1.017,       0.223,   8764.8288,       0.223,   7126.2753,            ,            ,            ,
                              ,      58.728,       1.021,       0.227,  12183.0733,       0.227,   7011.6570,            ,            ,            ,
                              ,      59.744,       1.016,       0.230,   5324.3143,       0.230,   6901.0541,            ,            ,            ,
                              ,      60.746,       1.002,       0.233,    531.7455,       0.233,   6792.8909,            ,            ,            ,
                              ,      61.739,       0.993,       0.237,   2401.6540,       0.237,   6685.7033,            ,            ,            ,
                              ,      62.711,       0.972,       0.240,  13886.3019,       0.240,   6578.1510,            ,            ,            ,
                              ,      63.674,       0.963,       0.243,   6999.3954,       0.243,   6469.0334,            ,            ,            ,
                              ,      64.635,       0.961,       0.247,   3250.4937,       0.247,   6357.3066,            ,            ,            ,
                              ,      65.552,       0.917,       0.250,   2492.0118,       0.250,   6242.1007,            ,            ,            ,
                              ,      66.448,       0.896,       0.253,   9939.4908,       0.253,   6122.7349,            ,            ,            ,
                              ,      67.364,       0.916,       0.257,   8194.0382,       0.257,   5998.7301,            ,            ,            ,
                              ,      68.306,       0.942,       0.260,   3760.3897,       0.260,   5869.8154,            ,            ,            ,
                              ,      69.193,       0.887,       0.263,    505.0542,       0.263,   5735.9289,            ,            ,            ,
                              ,      70.131,       0.938,       0.267,   1437.6839,       0.267,   5597.2114,            ,            ,            ,
                              ,      71.069,       0.938,       0.270,   3171.2919,       0.270,   5453.9919,            ,            ,            ,
                              ,      71.955,       0.886,       0.273,   2811.3215,       0.273,   5306.7674,            ,            ,            ,
                              ,      72.862,       0.907,       0.277,    539.0384,       0.277,   5156.1760,            ,            ,            ,
                              ,      73.760,       0.898,       0.280,     66.1072,       0.280,   5002.9659,            ,            ,            ,
                              ,      74.675,       0.915,       0.283,    732.0541,       0.283,   4847.9622,            ,            ,            ,
                              ,      75.542,       0.867,       0.287,    482.8567,       0.287,   4692.0331,            ,            ,            ,
                              ,      76.437,       0.895,       0.290,    305.9791,       0.290,   4536.0572,            ,            ,            ,
                              ,      77.357,       0.920,       0.293,   1355.6127,       0.293,   4380.8942,            ,            ,            ,
                              ,      78.253,       0.896,       0.297,   2715.1915,       0.297,   4227.3599,            ,            ,            ,
                              ,      79.225,       0.972,       0.300,   3386.2317,       0.300,   4076.2060,            ,            ,            ,
                              ,      80.158,       0.933,       0.303,   1021.3534,       0.303,   3928.1047,            ,            ,            ,
                              ,      81.098,       0.940,       0.307,    223.0766,       0.307,   3783.6397,            ,            ,            ,
                              ,      82.060,       0.962,       0.310,   1111.9392,       0.310,   3643.3011,            ,            ,            ,
                              ,      83.009,       0.949,       0.313,     65.5879,       0.313,   3507.4842,            ,            ,            ,
                              ,      83.912,       0.903,       0.317,   2799.1104,       0.317,   3376.4928,            ,            ,            ,
                              ,      84.822,       0.910,       0.320,   2529.8582,       0.320,   3250.5440,            ,            ,            ,
                              ,      85.715,       0.893,       0.323,   4611.2868,       0.323,   3129.7754,            ,            ,            ,
                              ,      86.533,       0.818,       0.327,   2433.5346,       0.327,   3014.2532,            ,            ,            ,
                              ,      87.323,       0.790,       0.330,   3558.8753,       0.330,   2903.9813,            ,            ,            ,
                              ,      88.069,       0.746,       0.333,   1905.2847,       0.333,   2798.9095,            ,            ,            ,
                              ,      89.017,       0.948,       0.337,    174.2867,       0.337,   2698.9429,            ,            ,            ,
                              ,      90.083,       1.066,       0.340,   1389.9317,       0.340,   2603.9493,            ,            ,            ,
                              ,      91.049,       0.966,       0.343,   1808.5545,       0.343,   2513.7667,            ,            ,            ,
                              ,      91.972,       0.923,       0.347,    517.3874,       0.347,   2428.2103,            ,            ,            ,
                              ,      92.924,       0.952,       0.350,    974.6664,       0.350,   2347.0776,            ,            ,            ,
                              ,      93.901,       0.977,       0.353,   1652.8130,       0.353,   2270.1541,            ,            ,            ,
                              ,      94.870,       0.969,       0.357,    113.7187,       0.357,   2197.2170,            ,            ,            ,
                              ,      95.811,       0.941,       0.360,   2299.0025,       0.360,   2128.0391,            ,            ,            ,
                              ,      96.678,       0.867,       0.363,   6059.2765,       0.363,   2062.3919,            ,            ,            ,
                              ,      97.491,       0.813,       0.367,   2260.8490,       0.367,   2000.0476,            ,            ,            ,
                              ,      98.253,       0.762,       0.370,    691.0713,       0.370,   1940.7813,            ,            ,            ,
                              ,      98.979,       0.726,       0.373,   1043.7013,       0.373,   1884.3729,            ,            ,            ,
                              ,      99.674,       0.695,       0.377,    874.1369,       0.377,   1830.6080,            ,            ,            ,
                              ,     100.415,       0.741,       0.380,    474.5678,       0.380,   1779.2791,            ,            ,            ,
                              ,     101.393,       0.978,       0.383,     61.9141,       0.383,   1730.1865,            ,            ,            ,
                              ,     102.318,       0.925,       0.387,    217.4420,       0.387,   1683.1391,            ,            ,            ,
                              ,     103.177,       0.859,       0.390,    383.7438,       0.390,   1637.9547,            ,            ,            ,
                              ,     103.985,       0.808,       0.393,    928.5727,       0.393,   1594.4610,            ,            ,            ,
                              ,     104.791,       0.806,       0.397,    596.0283,       0.397,   1552.4954,            ,            ,            ,
                              ,     105.651,       0.860,       0.400,   1360.4258,       0.400,   1511.9062,            ,            ,            ,
                              ,     106.604,       0.953,       0.403,   1707.3489,       0.403,   1472.5521,            ,            ,            ,
                              ,     107.523,       0.919,       0.407,    134.7287,       0.407,   1434.3033,            ,            ,            ,
                              ,     108.429,       0.906,       0.410,    190.3114,       0.410,   1397.0413,            ,            ,            ,
                              ,     109.315,       0.886,       0.413,   1562.3887,       0.413,   1360.6591,            ,            ,            ,
                              ,     110.178,       0.863,       0.417,   2268.5197,       0.417,   1325.0616,            ,            ,            ,
                              ,     110.997,       0.819,       0.420,    447.2954,       0.420,   1290.1655,            ,            ,            ,
                              ,     111.758,       0.761,       0.423,    132.0522,       0.423,   1255.8993,            ,            ,            ,
                              ,     112.466,       0.708,       0.427,     83.0511,       0.427,   1222.2030,            ,            ,            ,
                              ,     113.230,       0.764,       0.430,    287.1092,       0.430,   1189.0280,            ,            ,            ,
                              ,     114.094,       0.864,       0.433,    657.8622,       0.433,   1156.3365,            ,            ,            ,
                              ,     115.021,       0.927,       0.437,   1584.6432,       0.437,   1124.1013,            ,            ,            ,
                              ,     115.930,       0.909,       0.440,   1718.4858,       0.440,   1092.3046,            ,            ,            ,
                              ,     116.841,       0.911,       0.443,    641.2753,       0.443,   1060.9375,            ,            ,            ,
                              ,     117.714,       0.873,       0.447,    504.5559,       0.447,   1029.9991,            ,            ,            ,
                              ,     118.521,       0.807,       0.450,   1266.6453,       0.450,    999.4954,            ,            ,            ,
                              ,     119.373,       0.852,       0.453,    400.5212,       0.453,    969.4384,            ,            ,            ,
                              ,     120.333,       0.960,       0.457,     77.0898,       0.457,    939.8445,            ,            ,            ,
                              ,     121.283,       0.950,       0.460,    119.5969,       0.460,    910.7341,            ,            ,            ,
                              ,     122.234,       0.951,       0.463,    762.6049,       0.463,    882.1300,            ,            ,            ,
                              ,     123.210,       0.976,       0.467,     53.1532,       0.467,    854.0563,            ,            ,            ,
                              ,     124.087,       0.877,       0.470,     74.7849,       0.470,    826.5377,            ,            ,            ,
                              ,     124.979,       0.892,       0.473,    286.3566,       0.473,    799.5987,            ,            ,            ,
                              ,     125.910,       0.931,       0.477,    704.7106,       0.477,    773.2623,            ,            ,            ,
                              ,     126.845,       0.935,       0.480,    197.8473,       0.480,    747.5496,            ,            ,            ,
                              ,     127.734,       0.889,       0.483,     77.6064,       0.483,    722.4796,            ,            ,            ,
                              ,     128.654,       0.920,       0.487,    178.5419,       0.487,    698.0680,            ,            ,            ,
                              ,     129.549,       0.895,       0.490,   1309.6653,       0.490,    674.3277,            ,            ,            ,
                              ,     130.427,       0.878,       0.493,    446.5138,       0.493,    651.2680,            ,            ,            ,
                              ,     131.265,       0.838,       0.497,     60.9578,       0.497,    628.8949,            ,            ,            ,
                              ,     132.104,       0.839,       0.500,     31.4375,       0.500,    607.2109,            ,            ,            ,
                              ,     132.973,       0.869,            ,            ,            ,            ,            ,            ,            ,
                              ,     133.908,       0.935,            ,            ,            ,            ,            ,            ,            ,
                              ,     134.851,       0.943,            ,            ,            ,            ,            ,            ,            ,
                              ,     135.785,       0.934,            ,            ,            ,            ,            ,            ,            ,
                              ,     136.718,       0.933,            ,            ,            ,            ,            ,            ,            ,
                              ,     137.607,       0.889,            ,            ,            ,            ,            ,            ,            ,
                              ,     138.455,       0.848,            ,            ,            ,            ,            ,            ,            ,
                              ,     139.260,       0.805,            ,            ,            ,            ,            ,            ,            ,
                              ,     140.142,       0.882,            ,            ,            ,            ,            ,            ,            ,
                              ,     141.071,       0.929,            ,            ,            ,            ,            ,            ,            ,
                              ,     142.042,       0.971,            ,            ,            ,            ,            ,            ,            ,
                              ,     142.953,       0.911,            ,            ,            ,            ,            ,            ,            ,
                              ,     143.832,       0.879,            ,            ,            ,            ,            ,            ,            ,
                              ,     144.697,       0.865,            ,            ,            ,            ,            ,            ,            ,
                              ,     145.620,       0.923,            ,            ,            ,            ,            ,            ,            ,
                              ,     146.589,       0.969,            ,            ,            ,            ,            ,            ,            ,
                              ,     147.542,       0.953,            ,            ,            ,            ,            ,            ,            ,
                              ,     148.460,       0.918,            ,            ,            ,            ,            ,            ,            ,
                              ,     149.298,       0.838,            ,            ,            ,            ,            ,            ,            ,
                              ,     150.190,       0.892,            ,            ,            ,            ,            ,            ,            ,
                              ,     151.054,       0.864,            ,            ,            ,            ,            ,            ,            ,
                              ,     151.969,       0.915,            ,            ,            ,            ,            ,            ,            ,
                              ,     152.798,       0.829,            ,            ,            ,            ,            ,            ,            ,
                              ,     153.588,       0.790,            ,            ,            ,            ,            ,            ,            ,
                              ,     154.390,       0.802,            ,            ,            ,            ,            ,            ,            ,
                              ,     155.215,       0.825,            ,            ,            ,            ,            ,            ,            ,
                              ,     156.127,       0.912,            ,            ,            ,            ,            ,            ,            ,
                              ,     157.049,       0.922,            ,            ,            ,            ,            ,            ,            ,
                              ,     157.869,       0.820,            ,            ,            ,            ,            ,            ,            ,
                              ,     158.644,       0.775,            ,            ,            ,            ,            ,            ,            ,
                              ,     159.434,       0.790,            ,            ,            ,            ,            ,            ,            ,
                              ,     160.218,       0.784,            ,            ,            ,            ,            ,            ,            ,
                              ,     161.053,       0.835,            ,            ,            ,            ,            ,            ,            ,
                              ,     161.821,       0.768,            ,            ,            ,            ,            ,            ,            ,
                              ,     162.584,       0.763,            ,            ,            ,            ,            ,            ,            ,
                              ,     163.404,       0.820,            ,            ,            ,            ,            ,            ,            ,
                              ,     164.222,       0.818,            ,            ,            ,            ,            ,            ,            ,
                              ,     164.983,       0.761,            ,            ,            ,            ,            ,            ,            ,
                              ,     165.748,       0.765,            ,            ,            ,            ,            ,            ,            ,
                              ,     166.525,       0.777,            ,            ,            ,            ,            ,            ,            ,
                              ,     167.274,       0.749,            ,            ,            ,            ,            ,            ,            ,
                              ,     168.019,       0.745,            ,            ,            ,            ,            ,            ,            ,
                              ,     168.725,       0.706,            ,            ,            ,            ,            ,            ,            ,
                              ,     169.402,       0.677,            ,            ,            ,            ,            ,            ,            ,
                              ,     170.098,       0.696,            ,            ,            ,            ,            ,            ,            ,
                              ,     170.829,       0.731,            ,            ,            ,            ,            ,            ,            ,
                              ,     171.547,       0.718,            ,            ,            ,            ,            ,            ,            ,
                              ,     172.314,       0.767,            ,            ,            ,            ,            ,            ,            ,
                              ,     173.110,       0.796,            ,            ,            ,            ,            ,            ,            ,
                              ,     173.895,       0.785,            ,            ,            ,            ,            ,            ,            ,
                              ,     174.651,       0.756,            ,            ,            ,            ,            ,            ,            ,
                              ,     175.401,       0.750,            ,            ,            ,            ,            ,            ,            ,
                              ,     176.132,       0.731,            ,            ,            ,            ,            ,            ,            ,
                              ,     176.883,       0.751,            ,            ,            ,            ,            ,            ,            ,
                              ,     177.593,       0.710,            ,            ,            ,            ,            ,            ,            ,
                              ,     178.286,       0.693,            ,            ,            ,            ,            ,            ,            ,
                              ,     178.937,       0.651,            ,            ,            ,            ,            ,            ,            ,
                              ,     179.574,       0.637,            ,            ,            ,            ,            ,            ,            ,
                              ,     180.216,       0.642,            ,            ,            ,            ,            ,            ,            ,
                              ,     180.940,       0.724,            ,            ,            ,            ,            ,            ,            ,
                              ,     181.634,       0.694,            ,            ,            ,            ,            ,            ,            ,
                              ,     182.326,       0.692,            ,            ,            ,            ,            ,            ,            ,
                              ,     183.076,       0.750,            ,            ,            ,            ,            ,            ,            ,
                              ,     183.914,       0.838,            ,            ,            ,            ,            ,            ,            ,
                              ,     184.737,       0.823,            ,            ,            ,            ,            ,            ,            ,
                              ,     185.609,       0.872,            ,            ,            ,            ,            ,            ,            ,
                              ,     186.500,       0.891,            ,            ,            ,            ,            ,            ,            ,
                              ,     187.251,       0.751,            ,            ,            ,            ,            ,            ,            ,
                              ,     187.958,       0.707,            ,            ,            ,            ,            ,            ,            ,
                              ,     188.674,       0.716,            ,            ,            ,            ,            ,            ,            ,
                              ,     189.375,       0.701,            ,            ,            ,            ,            ,            ,            ,
                              ,     190.063,       0.688,            ,            ,            ,            ,            ,            ,            ,
                              ,     190.747,       0.684,            ,            ,            ,            ,            ,            ,            ,
                              ,     191.427,       0.680,            ,            ,            ,            ,            ,            ,            ,
                              ,     192.079,       0.652,            ,            ,            ,            ,            ,            ,            ,
                              ,     192.710,       0.631,            ,            ,            ,            ,            ,            ,            ,
                              ,     193.338,       0.628,            ,            ,            ,            ,            ,            ,            ,
                              ,     193.942,       0.604,            ,            ,            ,            ,            ,            ,            ,
                              ,     194.539,       0.597,            ,            ,            ,            ,            ,            ,            ,
                              ,     195.130,       0.591,            ,            ,            ,            ,            ,            ,            ,
                              ,     195.720,       0.590,            ,            ,            ,            ,            ,            ,            ,
                              ,     196.311,       0.591,            ,            ,            ,            ,            ,            ,            ,
                              ,     196.911,       0.600,            ,            ,            ,            ,            ,            ,            ,
                              ,     197.534,       0.623,            ,            ,            ,            ,            ,            ,            ,
                              ,     198.142,       0.608,            ,            ,            ,            ,            ,            ,            ,
                              ,     198.761,       0.619,            ,            ,            ,            ,            ,            ,            ,
                              ,     199.368,       0.607,            ,            ,            ,            ,            ,            ,            ,
                              ,     199.988,       0.620,            ,            ,            ,            ,            ,            ,            ,
                              ,     200.623,       0.635,            ,            ,            ,            ,            ,            ,            ,
                              ,     201.249,       0.626,            ,            ,            ,            ,            ,            ,            ,
                              ,     201.864,       0.615,            ,            ,            ,            ,            ,            ,            ,
                              ,     202.466,       0.602,            ,            ,            ,            ,            ,            ,            ,
                              ,     203.091,       0.625,            ,            ,            ,            ,            ,            ,            ,
                              ,     203.742,       0.651,            ,            ,            ,            ,            ,            ,            ,
                              ,     204.434,       0.692,            ,            ,            ,            ,            ,            ,            ,
                              ,     205.120,       0.686,            ,            ,            ,            ,            ,            ,            ,
                              ,     205.799,       0.679,            ,            ,            ,            ,            ,            ,            ,
                              ,     206.461,       0.662,            ,            ,            ,            ,            ,            ,            ,
                              ,     207.089,       0.628,            ,            ,            ,            ,            ,            ,            ,
                              ,     207.701,       0.612,            ,            ,            ,            ,            ,            ,            ,
                              ,     208.331,       0.630,            ,            ,            ,            ,            ,            ,            ,
                              ,     208.970,       0.639,            ,            ,            ,            ,            ,            ,            ,
                              ,     209.581,       0.611,            ,            ,            ,            ,            ,            ,            ,
                              ,     210.211,       0.630,            ,            ,            ,            ,            ,            ,            ,
                              ,     210.865,       0.654,            ,            ,            ,            ,            ,            ,            ,
                              ,     211.533,       0.668,            ,            ,            ,            ,            ,            ,            ,
                              ,     212.162,       0.629,            ,            ,            ,            ,            ,            ,            ,
                              ,     212.807,       0.645,            ,            ,            ,            ,            ,            ,            ,
                              ,     213.454,       0.647,            ,            ,            ,            ,            ,            ,            ,
                              ,     214.103,       0.649,            ,            ,            ,            ,            ,            ,            ,
                              ,     214.737,       0.634,            ,            ,            ,            ,            ,            ,            ,
                              ,     215.366,       0.629,            ,            ,            ,            ,            ,            ,            ,
                              ,     215.990,       0.624,            ,            ,            ,            ,            ,            ,            ,
                              ,     216.597,       0.607,            ,            ,            ,            ,            ,            ,            ,
                              ,     217.201,       0.604,            ,            ,            ,            ,            ,            ,            ,
                              ,     217.815,       0.614,            ,            ,            ,            ,            ,            ,            ,
                              ,     218.508,       0.693,            ,            ,            ,            ,            ,            ,            ,
                              ,     219.313,       0.805,            ,            ,            ,            ,            ,            ,            ,
                              ,     220.114,       0.801,            ,            ,            ,            ,            ,            ,            ,
                              ,     220.862,       0.748,            ,            ,            ,            ,            ,            ,            ,
                              ,     221.599,       0.737,            ,            ,            ,            ,            ,            ,            ,
                              ,     222.346,       0.747,            ,            ,            ,            ,            ,            ,            ,
                              ,     223.068,       0.722,            ,            ,            ,            ,            ,            ,            ,
                              ,     223.809,       0.741,            ,            ,            ,            ,            ,            ,            ,
                              ,     224.618,       0.809,            ,            ,            ,            ,            ,            ,            ,
                              ,     225.440,       0.822,            ,            ,            ,            ,            ,            ,            ,
                              ,     226.303,       0.863,            ,            ,            ,            ,            ,            ,            ,
                              ,     227.093,       0.790,            ,            ,            ,            ,            ,            ,            ,
                              ,     228.073,       0.980,            ,            ,            ,            ,            ,            ,            ,
                              ,     228.876,       0.803,            ,            ,            ,            ,            ,            ,            ,
                              ,     229.711,       0.835,            ,            ,            ,            ,            ,            ,            ,
                              ,     230.493,       0.782,            ,            ,            ,            ,            ,            ,            ,
                              ,     231.379,       0.886,            ,            ,            ,            ,            ,            ,            ,
                              ,     232.228,       0.849,            ,            ,            ,            ,            ,            ,            ,
                              ,     233.100,       0.872,            ,            ,            ,            ,            ,            ,            ,
                              ,     234.193,       1.093,            ,            ,            ,            ,            ,            ,            ,
                              ,     235.159,       0.966,            ,            ,            ,            ,            ,            ,            ,
                              ,     236.147,       0.988,            ,            ,            ,            ,            ,            ,            ,
                              ,     237.145,       0.998,            ,            ,            ,            ,            ,            ,            ,
                              ,     238.130,       0.985,            ,            ,            ,            ,            ,            ,            ,
                              ,     239.101,       0.971,            ,            ,            ,            ,            ,            ,            ,
                              ,     240.044,       0.943,            ,            ,            ,            ,            ,            ,            ,
                              ,     240.926,       0.882,            ,            ,            ,            ,            ,            ,            ,
                              ,     241.677,       0.751,            ,            ,            ,            ,            ,            ,            ,
                              ,     242.500,       0.823,            ,            ,            ,            ,            ,            ,            ,
                              ,     243.590,       1.090,            ,            ,            ,            ,            ,            ,            ,
                              ,     244.541,       0.951,            ,            ,            ,            ,            ,            ,            ,
                              ,     245.521,       0.980,            ,            ,            ,            ,            ,            ,            ,
                              ,     246.469,       0.948,            ,            ,            ,            ,            ,            ,            ,
                              ,     247.494,       1.025,            ,            ,            ,            ,            ,            ,            ,
                              ,     248.515,       1.021,            ,            ,            ,            ,            ,            ,            ,
                              ,     249.536,       1.021,            ,            ,            ,            ,            ,            ,            ,
                              ,     250.544,       1.008,            ,            ,            ,            ,            ,            ,            ,
                              ,     251.506,       0.962,            ,            ,            ,            ,            ,            ,            ,
                              ,     252.410,       0.904,            ,            ,            ,            ,            ,            ,            ,
                              ,     253.182,       0.772,            ,            ,            ,            ,            ,            ,            ,
                              ,     253.925,       0.743,            ,            ,            ,            ,            ,            ,            ,
                              ,     254.730,       0.805,            ,            ,            ,            ,            ,            ,            ,
                              ,     255.513,       0.783,            ,            ,            ,            ,            ,            ,            ,
                              ,     256.278,       0.765,            ,            ,            ,            ,            ,            ,            ,
                              ,     257.022,       0.744,            ,            ,            ,            ,            ,            ,            ,
                              ,     257.907,       0.885,            ,            ,            ,            ,            ,            ,            ,
                              ,     258.683,       0.776,            ,            ,            ,            ,            ,            ,            ,
                              ,     259.490,       0.807,            ,            ,            ,            ,            ,            ,            ,
                              ,     260.506,       1.016,            ,            ,            ,            ,            ,            ,            ,
                              ,     261.435,       0.929,            ,            ,            ,            ,            ,            ,            ,
                              ,     262.281,       0.846,            ,            ,            ,            ,            ,            ,            ,
                              ,     263.168,       0.887,            ,            ,            ,            ,            ,            ,            ,
                              ,     264.097,       0.929,            ,            ,            ,            ,            ,            ,            ,
                              ,     264.953,       0.856,            ,            ,            ,            ,            ,            ,            ,
                              ,     265.766,       0.813,            ,            ,            ,            ,            ,            ,            ,
                              ,     266.723,       0.957,            ,            ,            ,            ,            ,            ,            ,
                              ,     267.693,       0.970,            ,            ,            ,            ,            ,            ,            ,
                              ,     268.582,       0.889,            ,            ,            ,            ,            ,            ,            ,
                              ,     269.509,       0.927,            ,            ,            ,            ,            ,            ,            ,
                              ,     270.457,       0.948,            ,            ,            ,            ,            ,            ,            ,
                              ,     271.393,       0.936,            ,            ,            ,            ,            ,            ,            ,
                              ,     272.405,       1.012,            ,            ,            ,            ,            ,            ,            ,
                              ,     273.426,       1.021,            ,            ,            ,            ,            ,            ,            ,
                              ,     274.418,       0.992,            ,            ,            ,            ,            ,            ,            ,


